{
  "embedding_model_results": {
    "ndcg@1": 1.0,
    "precision@1": 1.0,
    "recall@1": 1.0,
    "hit_rate@1": 1.0,
    "ndcg@3": 1.0,
    "precision@3": 0.33333333333333326,
    "recall@3": 1.0,
    "hit_rate@3": 1.0,
    "ndcg@5": 1.0,
    "precision@5": 0.20000000000000004,
    "recall@5": 1.0,
    "hit_rate@5": 1.0,
    "ndcg@10": 1.0,
    "precision@10": 0.20000000000000004,
    "recall@10": 1.0,
    "hit_rate@10": 1.0,
    "mrr": 1.0,
    "map": 1.0
  },
  "reranker_model_results": {
    "ndcg@1": 0.85,
    "precision@1": 0.85,
    "recall@1": 0.85,
    "hit_rate@1": 0.85,
    "ndcg@3": 0.9,
    "precision@3": 0.3166666666666666,
    "recall@3": 0.95,
    "hit_rate@3": 0.95,
    "ndcg@5": 0.919342640361727,
    "precision@5": 0.20000000000000004,
    "recall@5": 1.0,
    "hit_rate@5": 1.0,
    "ndcg@10": 0.919342640361727,
    "precision@10": 0.20000000000000004,
    "recall@10": 1.0,
    "hit_rate@10": 1.0,
    "mrr": 0.8933333333333333,
    "map": 0.8933333333333333
  },
  "model_comparison": {
    "embedding_model": {
      "ndcg@1": 1.0,
      "precision@1": 1.0,
      "recall@1": 1.0,
      "hit_rate@1": 1.0,
      "ndcg@3": 1.0,
      "precision@3": 0.33333333333333326,
      "recall@3": 1.0,
      "hit_rate@3": 1.0,
      "ndcg@5": 1.0,
      "precision@5": 0.20000000000000004,
      "recall@5": 1.0,
      "hit_rate@5": 1.0,
      "ndcg@10": 1.0,
      "precision@10": 0.20000000000000004,
      "recall@10": 1.0,
      "hit_rate@10": 1.0,
      "mrr": 1.0,
      "map": 1.0
    },
    "reranker_model": {
      "ndcg@1": 0.85,
      "precision@1": 0.85,
      "recall@1": 0.85,
      "hit_rate@1": 0.85,
      "ndcg@3": 0.9,
      "precision@3": 0.3166666666666666,
      "recall@3": 0.95,
      "hit_rate@3": 0.95,
      "ndcg@5": 0.919342640361727,
      "precision@5": 0.20000000000000004,
      "recall@5": 1.0,
      "hit_rate@5": 1.0,
      "ndcg@10": 0.919342640361727,
      "precision@10": 0.20000000000000004,
      "recall@10": 1.0,
      "hit_rate@10": 1.0,
      "mrr": 0.8933333333333333,
      "map": 0.8933333333333333
    },
    "improvements": {
      "ndcg@1": -15.000000000000002,
      "precision@1": -15.000000000000002,
      "recall@1": -15.000000000000002,
      "hit_rate@1": -15.000000000000002,
      "ndcg@3": -9.999999999999998,
      "precision@3": -5.0,
      "recall@3": -5.000000000000004,
      "hit_rate@3": -5.000000000000004,
      "ndcg@5": -8.065735963827303,
      "precision@5": 0.0,
      "recall@5": 0.0,
      "hit_rate@5": 0.0,
      "ndcg@10": -8.065735963827303,
      "precision@10": 0.0,
      "recall@10": 0.0,
      "hit_rate@10": 0.0,
      "mrr": -10.666666666666668,
      "map": -10.666666666666668
    }
  },
  "pipeline_results": {
    "ndcg@5": 0.9080279210851814,
    "ndcg@10": 0.9080279210851814,
    "mrr": 0.8800000000000001,
    "map": 0.8800000000000001
  },
  "evaluation_config": {
    "embedding_model_path": "./models/embedding/final_model",
    "reranker_model_path": "./models/reranker/final_model",
    "num_queries": 50,
    "base_embedding_model": "sentence-transformers/all-MiniLM-L6-v2",
    "base_reranker_model": "cross-encoder/ms-marco-MiniLM-L-6-v2"
  }
}